Year,Unnamed: 0_level_0,Unnamed: 1_level_0,Unnamed: 2_level_0,Unnamed: 3_level_0,Unnamed: 4_level_0,Unnamed: 5_level_0,Unnamed: 6_level_0,Playing Time,Playing Time,Playing Time,Playing Time,Performance,Performance,Performance,Performance,Performance,Performance,Performance,Performance,Performance,Performance,Penalty Kicks,Penalty Kicks,Penalty Kicks,Penalty Kicks,Penalty Kicks,Unnamed: 26_level_0
,Rk,Player,Nation,Pos,Squad,Age,Born,MP,Starts,Min,90s,GA,GA90,SoTA,Saves,Save%,W,D,L,CS,CS%,PKatt,PKA,PKsv,PKm,Save%,Matches
2017,1,Adrián,es ESP,GK,West Ham,30,1987,19,19,1710,19.0,29,1.53,96,68,70.8,7,6,6,6,31.6,1,1,0,0,0.0,Matches
2017,2,Asmir Begović,ba BIH,GK,Bournemouth,30,1987,38,38,3420,38.0,61,1.61,170,109,65.3,11,11,16,6,15.8,3,2,1,0,33.3,Matches
2017,3,Claudio Bravo,cl CHI,GK,Manchester City,34,1983,3,2,226,2.5,1,0.40,5,4,80.0,2,0,0,2,100.0,0,0,0,0,,Matches
2017,4,Jack Butland,eng ENG,GK,Stoke City,24,1993,35,35,3150,35.0,61,1.74,201,142,72.1,7,11,17,6,17.1,5,5,0,0,0.0,Matches
2017,5,Willy Caballero,ar ARG,GK,Chelsea,35,1981,3,3,270,3.0,4,1.33,11,7,63.6,1,1,1,1,33.3,0,0,0,0,,Matches
2017,6,Petr Čech,cz CZE,GK,Arsenal,35,1982,34,34,3039,33.8,48,1.42,135,85,68.1,16,6,12,11,32.4,6,5,1,0,16.7,Matches
2017,7,Thibaut Courtois,be BEL,GK,Chelsea,25,1992,35,35,3150,35.0,34,0.97,106,74,69.8,20,6,9,15,42.9,2,2,0,0,0.0,Matches
2017,8,Karl Darlow,wls WAL,GK,Newcastle Utd,26,1990,10,10,900,10.0,15,1.50,47,34,74.5,1,5,4,2,20.0,3,3,0,0,0.0,Matches
2017,9,Martin Dúbravka,sk SVK,GK,Newcastle Utd,28,1989,12,12,1080,12.0,11,0.92,37,25,70.3,6,1,5,4,33.3,1,0,1,0,100.0,Matches
2017,10,Ederson,br BRA,GK,Manchester City,23,1993,36,36,3194,35.5,26,0.73,80,54,67.5,30,4,2,16,44.4,2,0,2,0,100.0,Matches
2017,11,Rob Elliot,ie IRL,GK,Newcastle Utd,31,1986,16,16,1440,16.0,21,1.31,64,43,68.8,5,2,9,3,18.8,2,1,1,0,50.0,Matches
2017,12,Łukasz Fabiański,pl POL,GK,Swansea City,32,1985,38,38,3420,38.0,56,1.47,190,133,72.1,8,9,21,9,23.7,6,3,3,0,50.0,Matches
2017,13,Fraser Forster,eng ENG,GK,Southampton,29,1988,20,20,1800,20.0,30,1.50,97,66,69.1,4,7,9,4,20.0,1,0,1,0,100.0,Matches
2017,14,Ben Foster,eng ENG,GK,West Brom,34,1983,37,37,3330,37.0,55,1.49,151,98,64.2,6,12,19,10,27.0,1,1,0,0,0.0,Matches
2017,15,Paulo Gazzaniga,ar ARG,GK,Tottenham,25,1992,1,1,90,1.0,0,0.00,3,3,100.0,1,0,0,1,100.0,0,0,0,0,,Matches
2017,16,David de Gea,es ESP,GK,Manchester Utd,26,1990,37,37,3330,37.0,28,0.76,140,114,80.7,24,6,7,18,48.6,1,1,0,0,0.0,Matches
2017,17,Heurelho Gomes,br BRA,GK,Watford,36,1981,24,24,2128,23.6,40,1.69,100,61,63.0,7,5,12,5,20.8,3,3,0,0,0.0,Matches
2017,18,Lee Grant,eng ENG,GK,Stoke City,34,1983,3,3,270,3.0,7,2.33,15,8,53.3,0,1,2,0,0.0,0,0,0,0,,Matches
2017,19,Ben Hamer,eng ENG,GK,Leicester City,29,1987,4,3,275,3.1,7,2.29,13,6,53.8,0,1,2,1,33.3,1,1,0,0,0.0,Matches
2017,20,Joe Hart,eng ENG,GK,West Ham,30,1987,19,19,1710,19.0,39,2.05,91,51,61.5,3,6,10,4,21.1,5,4,1,0,20.0,Matches
2017,21,Tom Heaton,eng ENG,GK,Burnley,31,1986,4,4,305,3.4,4,1.18,12,8,66.7,2,1,1,0,0.0,0,0,0,0,,Matches
2017,22,Wayne Hennessey,wls WAL,GK,Crystal Palace,30,1987,27,27,2430,27.0,41,1.52,127,88,68.5,8,6,13,7,25.9,1,1,0,0,0.0,Matches
2017,23,Eldin Jakupović,ch SUI,GK,Leicester City,32,1984,2,2,180,2.0,6,3.00,13,8,53.8,1,0,1,0,0.0,0,0,0,0,,Matches
2017,24,Loris Karius,de GER,GK,Liverpool,24,1993,19,19,1710,19.0,14,0.74,45,30,73.3,11,5,3,10,52.6,3,2,1,0,33.3,Matches
2017,25,Orestis Karnezis,gr GRE,GK,Watford,32,1985,15,14,1292,14.4,24,1.67,56,32,62.5,4,3,7,4,28.6,3,3,0,0,0.0,Matches
2017,Rk,Player,Nation,Pos,Squad,Age,Born,MP,Starts,Min,90s,GA,GA90,SoTA,Saves,Save%,W,D,L,CS,CS%,PKatt,PKA,PKsv,PKm,Save%,Matches
2017,26,Hugo Lloris,fr FRA,GK,Tottenham,30,1986,36,36,3240,36.0,35,0.97,117,82,71.8,22,7,7,15,41.7,3,2,0,1,0.0,Matches
2017,27,Jonas Lössl,dk DEN,GK,Huddersfield,28,1989,38,38,3420,38.0,58,1.53,158,99,65.8,9,10,19,10,26.3,6,4,2,0,33.3,Matches
2017,28,Alex McCarthy,eng ENG,GK,Southampton,27,1989,18,18,1620,18.0,26,1.44,68,42,63.2,3,8,7,4,22.2,1,1,0,0,0.0,Matches
2017,29,Simon Mignolet,be BEL,GK,Liverpool,29,1988,19,19,1710,19.0,24,1.26,59,34,62.7,10,7,2,7,36.8,3,2,1,0,33.3,Matches
2017,30,Boaz Myhill,wls WAL,GK,West Brom,34,1982,1,1,90,1.0,1,1.00,3,2,66.7,0,1,0,0,0.0,0,0,0,0,,Matches
2017,31,David Ospina,co COL,GK,Arsenal,28,1988,5,4,381,4.2,3,0.71,12,9,75.0,3,0,1,2,50.0,0,0,0,0,,Matches
2017,32,Jordan Pickford,eng ENG,GK,Everton,23,1994,38,38,3420,38.0,58,1.53,178,119,69.1,13,10,15,10,26.3,5,3,1,1,25.0,Matches
2017,33,Nick Pope,eng ENG,GK,Burnley,25,1992,35,34,3115,34.6,35,1.01,148,113,78.4,12,11,11,12,35.3,5,3,1,1,25.0,Matches
2017,34,Sergio Romero,ar ARG,GK,Manchester Utd,30,1987,1,1,90,1.0,0,0.00,3,3,100.0,1,0,0,1,100.0,0,0,0,0,,Matches
2017,35,Mathew Ryan,au AUS,GK,Brighton,25,1992,38,38,3420,38.0,54,1.42,172,121,69.2,9,13,16,10,26.3,3,1,2,0,66.7,Matches
2017,36,Kasper Schmeichel,dk DEN,GK,Leicester City,30,1986,33,33,2965,32.9,47,1.43,138,90,66.7,11,10,12,8,24.2,3,1,2,0,66.7,Matches
2017,37,Julián Speroni,ar ARG,GK,Crystal Palace,38,1979,11,11,990,11.0,14,1.27,43,29,69.8,3,5,3,2,18.2,1,1,0,0,0.0,Matches
2017,38,Michel Vorm,nl NED,GK,Tottenham,33,1983,1,1,90,1.0,1,1.00,4,4,75.0,0,1,0,0,0.0,0,0,0,0,,Matches
2018,1,Alisson,br BRA,GK,Liverpool,25,1992,38,38,3420,38.0,22,0.58,96,74,77.1,30,7,1,21,55.3,1,0,0,1,,Matches
2018,2,Kepa Arrizabalaga,es ESP,GK,Chelsea,23,1994,36,36,3240,36.0,39,1.08,121,81,68.6,20,8,8,14,38.9,2,1,1,0,50.0,Matches
2018,3,Asmir Begović,ba BIH,GK,Bournemouth,31,1987,24,24,2160,24.0,47,1.96,104,59,56.7,8,3,13,5,20.8,2,2,0,0,0.0,Matches
2018,4,Marcus Bettinelli,eng ENG,GK,Fulham,26,1992,7,7,630,7.0,20,2.86,40,19,52.5,1,2,4,0,0.0,3,1,1,1,50.0,Matches
2018,5,Artur Boruc,pl POL,GK,Bournemouth,38,1980,12,12,1080,12.0,18,1.50,56,38,73.2,4,3,5,4,33.3,3,3,0,0,0.0,Matches
2018,6,David Button,eng ENG,GK,Brighton,29,1989,4,4,360,4.0,5,1.25,18,13,83.3,1,1,2,1,25.0,2,2,0,0,0.0,Matches
2018,7,Willy Caballero,ar ARG,GK,Chelsea,36,1981,2,2,180,2.0,0,0.00,3,3,100.0,1,1,0,2,100.0,0,0,0,0,,Matches
2018,8,Petr Čech,cz CZE,GK,Arsenal,36,1982,7,7,585,6.5,9,1.38,37,28,75.7,5,0,2,1,14.3,0,0,0,0,,Matches
2018,9,Joel Coleman,eng ENG,GK,Huddersfield,22,1995,1,1,90,1.0,1,1.00,3,2,66.7,0,1,0,0,0.0,0,0,0,0,,Matches
2018,10,Martin Dúbravka,sk SVK,GK,Newcastle Utd,29,1989,38,38,3420,38.0,48,1.26,140,93,70.0,12,9,17,11,28.9,6,6,0,0,0.0,Matches
2018,11,Ederson,br BRA,GK,Manchester City,24,1993,38,38,3420,38.0,23,0.61,81,58,76.5,32,2,4,20,52.6,4,4,0,0,0.0,Matches
2018,12,Neil Etheridge,ph PHI,GK,Cardiff City,28,1990,38,38,3420,38.0,69,1.82,207,135,68.6,10,4,24,10,26.3,7,4,3,0,42.9,Matches
2018,13,Łukasz Fabiański,pl POL,GK,West Ham,33,1985,38,38,3420,38.0,55,1.45,198,143,74.2,15,7,16,7,18.4,5,4,1,0,20.0,Matches
2018,14,Fabricio,es ESP,GK,Fulham,30,1987,2,2,180,2.0,5,2.50,21,16,76.2,0,0,2,0,0.0,0,0,0,0,,Matches
2018,15,Fraser Forster,eng ENG,GK,Southampton,30,1988,1,1,90,1.0,3,3.00,6,3,50.0,0,0,1,0,0.0,0,0,0,0,,Matches
2018,16,Ben Foster,eng ENG,GK,Watford,35,1983,38,38,3420,38.0,59,1.55,180,123,69.4,14,8,16,7,18.4,5,4,1,0,20.0,Matches
2018,17,Paulo Gazzaniga,ar ARG,GK,Tottenham,26,1992,3,3,270,3.0,2,0.67,13,11,84.6,2,0,1,1,33.3,0,0,0,0,,Matches
2018,18,David de Gea,es ESP,GK,Manchester Utd,27,1990,38,38,3420,38.0,54,1.42,171,120,71.9,19,9,10,7,18.4,6,6,0,0,0.0,Matches
2018,19,Vicente Guaita,es ESP,GK,Crystal Palace,31,1987,20,20,1755,19.5,23,1.18,85,63,74.1,10,4,6,7,35.0,1,1,0,0,0.0,Matches
2018,20,Angus Gunn,sct SCO,GK,Southampton,22,1996,12,12,1080,12.0,18,1.50,50,31,64.0,4,4,4,3,25.0,1,0,1,0,100.0,Matches
2018,21,Ben Hamer,eng ENG,GK,Huddersfield,30,1987,7,7,553,6.1,21,3.42,42,22,57.1,0,1,6,0,0.0,3,3,0,0,0.0,Matches
2018,22,Joe Hart,eng ENG,GK,Burnley,31,1987,19,19,1710,19.0,41,2.16,116,75,65.5,3,3,13,4,21.1,2,1,1,0,50.0,Matches
2018,23,Tom Heaton,eng ENG,GK,Burnley,32,1986,19,19,1710,19.0,27,1.42,83,59,68.7,8,4,7,4,21.1,1,1,0,0,0.0,Matches
2018,24,Wayne Hennessey,wls WAL,GK,Crystal Palace,31,1987,18,17,1575,17.5,26,1.49,69,42,66.7,4,3,10,5,29.4,4,3,1,0,25.0,Matches
2018,25,Bernd Leno,de GER,GK,Arsenal,26,1992,32,31,2835,31.5,42,1.33,145,104,75.9,16,7,8,7,22.6,7,7,0,0,0.0,Matches
2018,Rk,Player,Nation,Pos,Squad,Age,Born,MP,Starts,Min,90s,GA,GA90,SoTA,Saves,Save%,W,D,L,CS,CS%,PKatt,PKA,PKsv,PKm,Save%,Matches
2018,26,Hugo Lloris,fr FRA,GK,Tottenham,31,1986,33,33,2970,33.0,33,1.00,130,98,76.9,21,2,10,12,36.4,5,3,2,0,40.0,Matches
2018,27,Jonas Lössl,dk DEN,GK,Huddersfield,29,1989,31,30,2777,30.9,54,1.75,141,86,64.5,3,5,22,5,16.7,5,4,1,0,20.0,Matches
2018,28,Alex McCarthy,eng ENG,GK,Southampton,28,1989,25,25,2250,25.0,44,1.76,119,78,64.7,5,8,12,4,16.0,2,2,0,0,0.0,Matches
2018,29,Will Norris,eng ENG,GK,Wolves,24,1993,1,0,,0.0,0,,0,0,,0,0,0,1,,0,0,0,0,,Matches
2018,30,Rui Patrício,pt POR,GK,Wolves,30,1988,37,37,3330,37.0,46,1.24,138,96,68.8,15,9,13,7,18.9,4,3,0,1,0.0,Matches
2018,31,Jordan Pickford,eng ENG,GK,Everton,24,1994,38,38,3420,38.0,46,1.21,136,89,67.6,15,9,14,14,36.8,5,2,3,0,60.0,Matches
2018,32,Sergio Rico,es ESP,GK,Fulham,24,1993,29,29,2610,29.0,56,1.93,165,111,68.5,6,3,20,5,17.2,4,4,0,0,0.0,Matches
2018,33,John Ruddy,eng ENG,GK,Wolves,31,1986,1,1,90,1.0,0,0.00,3,3,100.0,1,0,0,1,100.0,0,0,0,0,,Matches
2018,34,Mathew Ryan,au AUS,GK,Brighton,26,1992,34,34,3060,34.0,55,1.62,152,96,69.1,8,8,18,6,17.6,8,8,0,0,0.0,Matches
2018,35,Kasper Schmeichel,dk DEN,GK,Leicester City,31,1986,38,38,3420,38.0,48,1.26,138,90,68.8,15,7,16,10,26.3,5,5,0,0,0.0,Matches
2018,36,Julián Speroni,ar ARG,GK,Crystal Palace,39,1979,1,1,90,1.0,4,4.00,9,5,55.6,0,0,1,0,0.0,0,0,0,0,,Matches
2018,37,Mark Travers,ie IRL,GK,Bournemouth,19,1999,2,2,180,2.0,5,2.50,13,9,61.5,1,0,1,1,50.0,0,0,0,0,,Matches
2018,38,Michel Vorm,nl NED,GK,Tottenham,34,1983,2,2,180,2.0,4,2.00,13,9,69.2,0,0,2,0,0.0,0,0,0,0,,Matches
2019,1,Adrián,es ESP,GK,Liverpool,32,1987,11,9,875,9.7,10,1.03,27,17,63.0,9,0,0,2,22.2,0,0,0,0,,Matches
2019,2,Alisson,br BRA,GK,Liverpool,26,1992,29,29,2543,28.3,23,0.81,80,58,72.5,23,3,3,13,44.8,1,1,0,0,0.0,Matches
2019,3,Kepa Arrizabalaga,es ESP,GK,Chelsea,24,1994,33,33,2970,33.0,47,1.42,99,54,54.5,18,4,11,8,24.2,2,2,0,0,0.0,Matches
2019,4,Claudio Bravo,cl CHI,GK,Manchester City,36,1983,4,3,347,3.9,7,1.82,15,8,53.3,2,0,1,1,33.3,0,0,0,0,,Matches
2019,5,Willy Caballero,ar ARG,GK,Chelsea,37,1981,5,5,450,5.0,7,1.40,16,10,56.3,2,2,1,1,20.0,0,0,0,0,,Matches
2019,6,Martin Dúbravka,sk SVK,GK,Newcastle Utd,30,1989,38,38,3420,38.0,58,1.53,195,139,71.3,11,11,16,11,28.9,2,2,0,0,0.0,Matches
2019,7,Ederson,br BRA,GK,Manchester City,25,1993,35,35,3071,34.1,28,0.82,95,68,73.7,24,3,8,16,45.7,3,3,0,0,0.0,Matches
2019,8,Łukasz Fabiański,pl POL,GK,West Ham,34,1985,25,25,2117,23.5,34,1.45,104,71,70.2,8,7,10,5,20.0,4,3,1,0,25.0,Matches
2019,9,Ralf Fährmann,de GER,GK,Norwich City,30,1988,1,1,21,0.2,1,4.29,2,1,100.0,,,1,,,,1,,,,Matches
2019,10,Ben Foster,eng ENG,GK,Watford,36,1983,38,38,3420,38.0,64,1.68,178,116,68.5,8,10,20,9,23.7,9,8,1,0,11.1,Matches
2019,11,Paulo Gazzaniga,ar ARG,GK,Tottenham,27,1992,18,17,1613,17.9,26,1.45,82,56,72.0,5,5,7,2,11.8,4,3,1,0,25.0,Matches
2019,12,David de Gea,es ESP,GK,Manchester Utd,28,1990,38,38,3420,38.0,36,0.95,131,96,74.8,18,12,8,13,34.2,3,3,0,0,0.0,Matches
2019,13,Vicente Guaita,es ESP,GK,Crystal Palace,32,1987,35,35,3150,35.0,42,1.20,149,109,71.8,11,9,15,10,28.6,1,0,0,1,,Matches
2019,14,Angus Gunn,sct SCO,GK,Southampton,23,1996,10,10,900,10.0,25,2.50,55,30,58.2,2,2,6,2,20.0,2,2,0,0,0.0,Matches
2019,15,Tom Heaton,eng ENG,GK,Aston Villa,33,1986,20,20,1794,19.9,35,1.76,102,68,68.6,6,3,11,4,20.0,3,3,0,0,0.0,Matches
2019,16,Dean Henderson,eng ENG,GK,Sheffield Utd,22,1997,36,36,3240,36.0,33,0.92,128,94,75.0,14,11,11,13,36.1,3,1,1,1,50.0,Matches
2019,17,Wayne Hennessey,wls WAL,GK,Crystal Palace,32,1987,3,3,270,3.0,8,2.67,23,15,65.2,0,1,2,0,0.0,0,0,0,0,,Matches
2019,18,Tim Krul,nl NED,GK,Norwich City,31,1988,36,36,3240,36.0,68,1.89,195,128,66.7,5,6,25,5,13.9,5,3,2,0,40.0,Matches
2019,19,Bernd Leno,de GER,GK,Arsenal,27,1992,30,30,2649,29.4,39,1.33,151,111,78.1,9,13,8,7,23.3,7,6,1,0,14.3,Matches
2019,20,Hugo Lloris,fr FRA,GK,Tottenham,32,1986,21,21,1807,20.1,21,1.05,99,78,80.8,11,6,4,6,28.6,3,2,1,0,33.3,Matches
2019,21,David Martin,eng ENG,GK,West Ham,33,1986,5,4,436,4.8,6,1.24,21,15,71.4,2,0,2,2,50.0,0,0,0,0,,Matches
2019,22,Emiliano Martínez,ar ARG,GK,Arsenal,26,1992,9,8,771,8.6,9,1.05,42,33,81.0,5,1,2,3,37.5,1,1,0,0,0.0,Matches
2019,23,Alex McCarthy,eng ENG,GK,Southampton,29,1989,28,28,2520,28.0,35,1.25,113,78,69.9,13,5,10,7,25.0,2,1,1,0,50.0,Matches
2019,24,Michael McGovern,nir NIR,GK,Norwich City,35,1984,2,1,159,1.8,6,3.40,13,6,53.8,0,0,1,0,0.0,1,0,1,0,100.0,Matches
2019,25,Simon Moore,eng ENG,GK,Sheffield Utd,29,1990,2,2,180,2.0,6,3.00,11,5,45.5,0,1,1,0,0.0,0,0,0,0,,Matches
2019,Rk,Player,Nation,Pos,Squad,Age,Born,MP,Starts,Min,90s,GA,GA90,SoTA,Saves,Save%,W,D,L,CS,CS%,PKatt,PKA,PKsv,PKm,Save%,Matches
2019,26,Ørjan Nyland,no NOR,GK,Aston Villa,28,1990,7,5,539,6.0,12,2.00,27,15,55.6,0,2,3,1,20.0,0,0,0,0,,Matches
2019,27,Rui Patrício,pt POR,GK,Wolves,31,1988,38,38,3420,38.0,40,1.05,129,88,69.8,15,14,9,13,34.2,3,1,2,0,66.7,Matches
2019,28,Jordan Pickford,eng ENG,GK,Everton,25,1994,38,38,3420,38.0,56,1.47,147,94,63.9,13,10,15,9,23.7,4,3,0,1,0.0,Matches
2019,29,Nick Pope,eng ENG,GK,Burnley,27,1992,38,38,3420,38.0,50,1.32,167,117,72.5,15,9,14,15,39.5,5,4,1,0,20.0,Matches
2019,30,Aaron Ramsdale,eng ENG,GK,Bournemouth,21,1998,37,37,3330,37.0,62,1.68,187,124,69.5,9,7,21,5,13.5,6,5,1,0,16.7,Matches
2019,31,Darren Randolph,ie IRL,GK,West Ham,32,1987,2,2,180,2.0,5,2.50,11,6,63.6,0,1,1,0,0.0,1,1,0,0,0.0,Matches
2019,32,Pepe Reina,es ESP,GK,Aston Villa,36,1982,12,12,1080,12.0,20,1.67,53,32,66.0,3,3,6,2,16.7,3,2,1,0,33.3,Matches
2019,33,Roberto,es ESP,GK,West Ham,33,1986,8,7,687,7.6,17,2.23,51,35,68.6,0,1,6,0,0.0,1,1,0,0,0.0,Matches
2019,34,Mathew Ryan,au AUS,GK,Brighton,27,1992,38,38,3420,38.0,54,1.42,168,116,69.0,9,14,15,9,23.7,2,2,0,0,0.0,Matches
2019,35,Kasper Schmeichel,dk DEN,GK,Leicester City,32,1986,38,38,3420,38.0,41,1.08,135,94,75.6,18,8,12,13,34.2,10,8,2,0,20.0,Matches
2019,36,Jed Steer,eng ENG,GK,Aston Villa,26,1992,1,1,7,0.1,,,,,,,,1,,,,,,,,Matches
2019,37,Mark Travers,ie IRL,GK,Bournemouth,20,1999,1,1,90,1.0,3,3.00,5,2,40.0,0,0,1,0,0.0,0,0,0,0,,Matches
2020,1,Adrián,es ESP,GK,Liverpool,33,1987,3,3,270,3.0,9,3.00,18,9,50.0,1,1,1,1,33.3,0,0,0,0,,Matches
2020,2,Rúnar Alex Rúnarsson,is ISL,GK,Arsenal,25,1995,1,0,16,0.2,0,0.00,2,2,100.0,0,0,0,0,,0,0,0,0,,Matches
2020,3,Alisson,br BRA,GK,Liverpool,27,1992,33,33,2970,33.0,32,0.97,115,82,75.7,18,8,7,10,30.3,8,4,1,3,20.0,Matches
2020,4,Alphonse Areola,fr FRA,GK,Fulham,27,1993,36,36,3240,36.0,48,1.33,161,114,73.9,5,13,18,9,25.0,6,6,0,0,0.0,Matches
2020,5,Kepa Arrizabalaga,es ESP,GK,Chelsea,25,1994,7,6,585,6.5,8,1.23,23,15,69.6,2,2,2,2,33.3,1,1,0,0,0.0,Matches
2020,6,Jack Butland,eng ENG,GK,Crystal Palace,27,1993,1,1,90,1.0,2,2.00,5,3,60.0,1,0,0,0,0.0,0,0,0,0,,Matches
2020,7,David Button,eng ENG,GK,West Brom,31,1989,1,1,90,1.0,2,2.00,6,4,66.7,1,0,0,0,0.0,0,0,0,0,,Matches
2020,8,Willy Caballero,ar ARG,GK,Chelsea,38,1981,1,1,90,1.0,3,3.00,3,0,0.0,0,1,0,0,0.0,0,0,0,0,,Matches
2020,9,Scott Carson,eng ENG,GK,Manchester City,34,1985,1,1,90,1.0,3,3.00,5,1,60.0,1,0,0,0,0.0,2,1,1,0,50.0,Matches
2020,10,Kiko Casilla,es ESP,GK,Leeds United,33,1986,3,3,270,3.0,2,0.67,10,8,80.0,2,0,1,1,33.3,0,0,0,0,,Matches
2020,11,Karl Darlow,wls WAL,GK,Newcastle Utd,29,1990,25,25,2250,25.0,43,1.72,126,84,68.3,7,4,14,4,16.0,4,3,1,0,25.0,Matches
2020,12,Martin Dúbravka,sk SVK,GK,Newcastle Utd,31,1989,13,13,1170,13.0,19,1.46,62,44,71.0,5,5,3,3,23.1,1,1,0,0,0.0,Matches
2020,13,Ederson,br BRA,GK,Manchester City,26,1993,36,36,3240,36.0,28,0.78,93,65,77.4,25,5,6,19,52.8,8,7,1,0,12.5,Matches
2020,14,Łukasz Fabiański,pl POL,GK,West Ham,35,1985,35,35,3150,35.0,44,1.26,138,97,70.3,17,8,10,10,28.6,5,3,1,1,25.0,Matches
2020,15,Fraser Forster,eng ENG,GK,Southampton,32,1988,8,8,720,8.0,11,1.37,31,19,71.0,4,0,4,2,25.0,3,2,1,0,33.3,Matches
2020,16,David de Gea,es ESP,GK,Manchester Utd,29,1990,26,26,2295,25.5,32,1.25,90,59,68.9,12,9,5,9,34.6,4,4,0,0,0.0,Matches
2020,17,Vicente Guaita,es ESP,GK,Crystal Palace,33,1987,37,37,3330,37.0,64,1.73,169,104,63.9,11,8,18,8,21.6,4,3,1,0,25.0,Matches
2020,18,Dean Henderson,eng ENG,GK,Manchester Utd,23,1997,13,12,1125,12.5,12,0.96,51,39,76.5,9,2,1,4,33.3,0,0,0,0,,Matches
2020,19,Sam Johnstone,eng ENG,GK,West Brom,27,1993,37,37,3330,37.0,74,2.00,234,162,71.4,4,11,22,6,16.2,11,7,1,3,12.5,Matches
2020,20,Caoimhín Kelleher,ie IRL,GK,Liverpool,21,1998,2,2,180,2.0,1,0.50,7,6,85.7,1,0,1,1,50.0,0,0,0,0,,Matches
2020,21,Bernd Leno,de GER,GK,Arsenal,28,1992,35,35,3131,34.8,37,1.06,117,83,69.2,17,6,12,11,31.4,2,1,1,0,50.0,Matches
2020,22,Hugo Lloris,fr FRA,GK,Tottenham,33,1986,38,38,3420,38.0,45,1.18,155,113,77.4,18,8,12,12,31.6,10,10,0,0,0.0,Matches
2020,23,Emiliano Martínez,ar ARG,GK,Aston Villa,27,1992,38,38,3420,38.0,46,1.21,186,133,78.0,16,7,15,15,39.5,6,5,1,0,16.7,Matches
2020,24,Alex McCarthy,eng ENG,GK,Southampton,30,1989,30,30,2700,30.0,57,1.90,147,91,65.3,8,7,15,7,23.3,6,6,0,0,0.0,Matches
2020,25,Edouard Mendy,sn SEN,GK,Chelsea,28,1992,31,31,2745,30.5,25,0.82,81,56,71.6,17,7,7,16,51.6,3,2,1,0,33.3,Matches
2020,Rk,Player,Nation,Pos,Squad,Age,Born,MP,Starts,Min,90s,GA,GA90,SoTA,Saves,Save%,W,D,L,CS,CS%,PKatt,PKA,PKsv,PKm,Save%,Matches
2020,26,Illan Meslier,fr FRA,GK,Leeds United,20,2000,35,35,3150,35.0,52,1.49,188,137,76.6,16,5,14,11,31.4,9,8,1,0,11.1,Matches
2020,27,Will Norris,eng ENG,GK,Burnley,26,1993,2,2,180,2.0,4,2.00,6,2,33.3,0,0,2,0,0.0,0,0,0,0,,Matches
2020,28,Robin Olsen,se SWE,GK,Everton,30,1990,7,7,630,7.0,9,1.29,30,21,73.3,2,3,2,2,28.6,1,1,0,0,0.0,Matches
2020,29,Rui Patrício,pt POR,GK,Wolves,32,1988,37,37,3329,37.0,51,1.38,148,99,70.3,12,9,16,10,27.0,8,7,1,0,12.5,Matches
2020,30,Bailey Peacock-Farrell,nir NIR,GK,Burnley,23,1996,4,4,360,4.0,14,3.50,24,10,41.7,0,0,4,0,0.0,0,0,0,0,,Matches
2020,31,Jordan Pickford,eng ENG,GK,Everton,26,1994,31,31,2742,30.5,39,1.28,128,90,71.1,15,5,11,10,32.3,3,2,0,1,0.0,Matches
2020,32,Nick Pope,eng ENG,GK,Burnley,28,1992,32,32,2880,32.0,37,1.16,149,113,77.2,10,9,13,11,34.4,3,3,0,0,0.0,Matches
2020,33,Aaron Ramsdale,eng ENG,GK,Sheffield Utd,22,1998,38,38,3420,38.0,63,1.66,206,145,70.9,7,2,29,5,13.2,4,3,0,1,0.0,Matches
2020,34,Darren Randolph,ie IRL,GK,West Ham,33,1987,3,3,270,3.0,3,1.00,9,6,66.7,2,0,1,1,33.3,0,0,0,0,,Matches
2020,35,Marek Rodák,sk SVK,GK,Fulham,23,1996,2,2,180,2.0,5,2.50,9,4,55.6,0,0,2,0,0.0,1,1,0,0,0.0,Matches
2020,36,John Ruddy,eng ENG,GK,Wolves,33,1986,2,1,91,1.0,1,0.99,4,3,75.0,0,0,1,0,0.0,0,0,0,0,,Matches
2020,37,Mathew Ryan,au AUS,GK,Brighton,28,1992,11,11,990,11.0,19,1.73,34,16,55.9,2,4,5,2,18.2,4,4,0,0,0.0,Matches
2020,38,Mathew Ryan,au AUS,GK,Arsenal,28,1992,3,3,270,3.0,2,0.67,10,8,90.0,1,1,1,1,33.3,1,1,0,0,0.0,Matches
2020,39,Robert Sánchez,es ESP,GK,Brighton,22,1997,27,27,2430,27.0,27,1.00,91,65,72.5,7,10,10,10,37.0,3,2,0,1,0.0,Matches
2020,40,Kasper Schmeichel,dk DEN,GK,Leicester City,33,1986,38,38,3420,38.0,50,1.32,136,88,66.2,20,6,12,11,28.9,4,4,0,0,0.0,Matches
2020,41,Zack Steffen,us USA,GK,Manchester City,25,1995,1,1,90,1.0,1,1.00,2,1,50.0,1,0,0,0,0.0,0,0,0,0,,Matches
2020,42,João Virgínia,pt POR,GK,Everton,20,1999,1,0,48,0.5,0,0.00,3,3,100.0,0,0,0,0,,0,0,0,0,,Matches
2021,1,Alisson,br BRA,GK,Liverpool,28,1992,36,36,3240,36.0,24,0.67,99,76,75.8,27,7,2,20,55.6,0,0,0,0,,Matches
2021,2,Alphonse Areola,fr FRA,GK,West Ham,28,1993,1,1,90,1.0,1,1.00,3,2,66.7,0,0,1,0,0.0,0,0,0,0,,Matches
2021,3,Kepa Arrizabalaga,es ESP,GK,Chelsea,26,1994,4,4,360,4.0,2,0.50,13,11,84.6,2,1,1,2,50.0,0,0,0,0,,Matches
2021,4,Daniel Bachmann,at AUT,GK,Watford,27,1994,12,12,1080,12.0,28,2.33,72,46,65.3,1,0,11,0,0.0,3,3,0,0,0.0,Matches
2021,5,Asmir Begović,ba BIH,GK,Everton,34,1987,3,3,270,3.0,8,2.67,18,11,61.1,1,0,2,1,33.3,1,1,0,0,0.0,Matches
2021,6,Jack Butland,eng ENG,GK,Crystal Palace,28,1993,9,8,765,8.5,13,1.53,28,16,53.6,2,4,2,1,12.5,1,0,1,0,100.0,Matches
2021,7,Willy Caballero,ar ARG,GK,Southampton,39,1981,2,2,180,2.0,5,2.50,11,6,54.5,0,1,1,0,0.0,0,0,0,0,,Matches
2021,8,Karl Darlow,wls WAL,GK,Newcastle Utd,30,1990,8,8,720,8.0,15,1.87,37,23,64.9,0,5,3,0,0.0,2,2,0,0,0.0,Matches
2021,9,Martin Dúbravka,sk SVK,GK,Newcastle Utd,32,1989,26,26,2340,26.0,35,1.35,106,72,67.9,13,4,9,8,30.8,1,1,0,0,0.0,Matches
2021,10,Ederson,br BRA,GK,Manchester City,27,1993,37,37,3330,37.0,26,0.70,83,57,69.9,28,6,3,20,54.1,1,1,0,0,0.0,Matches
2021,11,Łukasz Fabiański,pl POL,GK,West Ham,36,1985,37,37,3330,37.0,50,1.35,162,111,70.4,16,8,13,8,21.6,6,2,3,1,60.0,Matches
2021,12,Álvaro Fernández,es ESP,GK,Brentford,23,1998,12,12,1080,12.0,24,2.00,69,47,66.7,3,2,7,1,8.3,1,1,0,0,0.0,Matches
2021,13,Fraser Forster,eng ENG,GK,Southampton,33,1988,19,19,1710,19.0,35,1.84,101,68,67.3,6,5,8,3,15.8,2,2,0,0,0.0,Matches
2021,14,Ben Foster,eng ENG,GK,Watford,38,1983,26,26,2340,26.0,49,1.88,116,67,60.3,5,5,16,4,15.4,4,3,1,0,25.0,Matches
2021,15,David de Gea,es ESP,GK,Manchester Utd,30,1990,38,38,3420,38.0,57,1.50,180,124,70.0,16,10,12,8,21.1,5,3,2,0,40.0,Matches
2021,16,Vicente Guaita,es ESP,GK,Crystal Palace,34,1987,30,30,2655,29.5,33,1.12,116,83,74.1,9,11,10,11,36.7,3,3,0,0,0.0,Matches
2021,17,Angus Gunn,sct SCO,GK,Norwich City,25,1996,9,9,810,9.0,22,2.44,57,34,64.9,1,2,6,1,11.1,4,2,1,1,33.3,Matches
2021,18,Wayne Hennessey,wls WAL,GK,Burnley,34,1987,2,2,180,2.0,6,3.00,13,8,53.8,0,0,2,0,0.0,0,0,0,0,,Matches
2021,19,Caoimhín Kelleher,ie IRL,GK,Liverpool,22,1998,2,2,180,2.0,2,1.00,8,6,75.0,1,1,0,1,50.0,0,0,0,0,,Matches
2021,20,Kristoffer Klaesson,no NOR,GK,Leeds United,20,2000,1,0,36,0.4,0,0.00,4,4,100.0,0,0,0,0,,0,0,0,0,,Matches
2021,21,Tim Krul,nl NED,GK,Norwich City,33,1988,29,29,2610,29.0,62,2.14,165,105,66.7,4,5,20,5,17.2,8,7,0,1,0.0,Matches
2021,22,Bernd Leno,de GER,GK,Arsenal,29,1992,4,4,360,4.0,9,2.25,19,10,52.6,1,0,3,1,25.0,0,0,0,0,,Matches
2021,23,Hugo Lloris,fr FRA,GK,Tottenham,34,1986,38,38,3420,38.0,40,1.05,137,98,72.3,22,5,11,16,42.1,2,2,0,0,0.0,Matches
2021,24,Jonas Lössl,dk DEN,GK,Brentford,32,1989,2,2,180,2.0,5,2.50,7,2,28.6,0,0,2,0,0.0,0,0,0,0,,Matches
2021,25,Emiliano Martínez,ar ARG,GK,Aston Villa,28,1992,36,36,3240,36.0,48,1.33,140,93,68.6,13,6,17,11,30.6,6,4,1,1,20.0,Matches
2021,Rk,Player,Nation,Pos,Squad,Age,Born,MP,Starts,Min,90s,GA,GA90,SoTA,Saves,Save%,W,D,L,CS,CS%,PKatt,PKA,PKsv,PKm,Save%,Matches
2021,26,Alex McCarthy,eng ENG,GK,Southampton,31,1989,17,17,1530,17.0,27,1.59,71,44,62.0,3,7,7,5,29.4,0,0,0,0,,Matches
2021,27,Edouard Mendy,sn SEN,GK,Chelsea,29,1992,34,34,3060,34.0,31,0.91,102,72,75.5,19,10,5,14,41.2,6,6,0,0,0.0,Matches
2021,28,Illan Meslier,fr FRA,GK,Leeds United,21,2000,38,38,3384,37.6,79,2.10,220,142,66.4,9,11,18,5,13.2,5,5,0,0,0.0,Matches
2021,29,Robin Olsen,se SWE,GK,Aston Villa,31,1990,1,1,90,1.0,3,3.00,5,2,40.0,0,0,1,0,0.0,0,0,0,0,,Matches
2021,30,Jordan Pickford,eng ENG,GK,Everton,27,1994,35,35,3150,35.0,58,1.66,170,116,66.5,10,6,19,7,20.0,1,1,0,0,0.0,Matches
2021,31,Nick Pope,eng ENG,GK,Burnley,29,1992,36,36,3240,36.0,47,1.31,165,119,74.5,7,14,15,9,25.0,5,5,0,0,0.0,Matches
2021,32,Aaron Ramsdale,eng ENG,GK,Arsenal,23,1998,34,34,3060,34.0,39,1.15,128,90,73.4,21,3,10,12,35.3,6,5,0,1,0.0,Matches
2021,33,David Raya,es ESP,GK,Brentford,25,1995,24,24,2160,24.0,27,1.13,103,76,77.7,10,5,9,8,33.3,4,4,0,0,0.0,Matches
2021,34,John Ruddy,eng ENG,GK,Wolves,34,1986,2,1,135,1.5,3,2.00,7,4,57.1,0,1,0,0,0.0,0,0,0,0,,Matches
2021,35,José Sá,pt POR,GK,Wolves,28,1993,37,37,3285,36.5,40,1.10,160,121,80.6,15,5,17,11,29.7,10,9,0,1,0.0,Matches
2021,36,Robert Sánchez,es ESP,GK,Brighton,23,1997,37,37,3329,37.0,42,1.14,141,99,72.3,12,15,10,11,29.7,4,3,0,1,0.0,Matches
2021,37,Kasper Schmeichel,dk DEN,GK,Leicester City,34,1986,37,37,3330,37.0,58,1.57,187,128,72.7,13,10,14,7,18.9,9,7,2,0,22.2,Matches
2021,38,Jason Steele,eng ENG,GK,Brighton,30,1990,1,1,90,1.0,2,2.00,5,3,60.0,0,0,1,0,0.0,0,0,0,0,,Matches
2021,39,Jed Steer,eng ENG,GK,Aston Villa,28,1992,1,1,90,1.0,3,3.00,4,1,25.0,0,0,1,0,0.0,0,0,0,0,,Matches
2021,40,Zack Steffen,us USA,GK,Manchester City,26,1995,1,1,90,1.0,0,0.00,2,2,100.0,1,0,0,1,100.0,0,0,0,0,,Matches
2021,41,Danny Ward,wls WAL,GK,Leicester City,28,1993,1,1,90,1.0,1,1.00,5,4,80.0,1,0,0,0,0.0,0,0,0,0,,Matches
2021,42,Freddie Woodman,eng ENG,GK,Newcastle Utd,24,1997,4,4,360,4.0,12,3.00,22,9,54.5,0,1,3,0,0.0,3,2,1,0,33.3,Matches
2022,1,Alisson,br BRA,GK,Liverpool,29,1992,37,37,3330,37.0,43,1.16,147,105,72.1,19,9,9,14,37.8,4,2,1,1,33.3,Matches
2022,2,Alphonse Areola,fr FRA,GK,West Ham,29,1993,5,2,309,3.4,7,2.04,16,9,68.8,0,1,1,1,50.0,2,2,0,0,0.0,Matches
2022,3,Kepa Arrizabalaga,es ESP,GK,Chelsea,27,1994,29,29,2565,28.5,33,1.16,120,90,73.3,8,9,12,9,31.0,1,1,0,0,0.0,Matches
2022,4,Gavin Bazunu,ie IRL,GK,Southampton,20,2002,32,32,2880,32.0,56,1.75,120,67,54.2,6,6,20,4,12.5,2,1,1,0,50.0,Matches
2022,5,Asmir Begović,ba BIH,GK,Everton,35,1987,1,1,90,1.0,0,0.00,4,4,100.0,1,0,0,1,100.0,0,0,0,0,,Matches
2022,6,Daniel Bentley,eng ENG,GK,Wolves,29,1993,2,2,180,2.0,3,1.50,13,10,76.9,0,1,1,0,0.0,0,0,0,0,,Matches
2022,7,Martin Dúbravka,sk SVK,GK,Newcastle Utd,33,1989,2,1,157,1.7,1,0.57,9,9,88.9,0,1,0,0,0.0,0,0,0,0,,Matches
2022,8,Ederson,br BRA,GK,Manchester City,28,1993,35,35,3150,35.0,32,0.91,77,46,62.3,26,4,5,11,31.4,3,3,0,0,0.0,Matches
2022,9,Łukasz Fabiański,pl POL,GK,West Ham,37,1985,36,36,3111,34.6,48,1.39,154,106,70.1,11,6,19,8,22.2,4,2,1,1,33.3,Matches
2022,10,Fraser Forster,eng ENG,GK,Tottenham,34,1988,14,13,1215,13.5,24,1.78,55,30,60.0,5,3,5,3,23.1,3,2,1,0,33.3,Matches
2022,11,David de Gea,es ESP,GK,Manchester Utd,31,1990,38,38,3420,38.0,43,1.13,142,99,71.1,23,6,9,17,44.7,3,2,1,0,33.3,Matches
2022,12,Vicente Guaita,es ESP,GK,Crystal Palace,35,1987,27,27,2430,27.0,34,1.26,116,84,72.4,7,9,11,6,22.2,2,2,0,0,0.0,Matches
2022,13,Dean Henderson,eng ENG,GK,Nott'ham Forest,25,1997,18,18,1620,18.0,31,1.72,85,52,65.9,5,5,8,6,33.3,5,2,2,1,50.0,Matches
2022,14,Wayne Hennessey,wls WAL,GK,Nott'ham Forest,35,1987,4,3,271,3.0,5,1.66,14,9,64.3,0,2,1,1,33.3,0,0,0,0,,Matches
2022,15,Daniel Iversen,dk DEN,GK,Leicester City,25,1997,12,12,1080,12.0,22,1.83,59,38,66.1,2,4,6,1,8.3,2,2,0,0,0.0,Matches
2022,16,Sam Johnstone,eng ENG,GK,Crystal Palace,29,1993,9,9,810,9.0,10,1.11,34,25,76.5,4,3,2,3,33.3,2,2,0,0,0.0,Matches
2022,17,Caoimhín Kelleher,ie IRL,GK,Liverpool,23,1998,1,1,90,1.0,4,4.00,10,6,60.0,0,1,0,0,0.0,0,0,0,0,,Matches
2022,18,Bernd Leno,de GER,GK,Fulham,30,1992,36,36,3240,36.0,51,1.42,192,142,77.1,15,5,16,8,22.2,8,7,1,0,12.5,Matches
2022,19,Hugo Lloris,fr FRA,GK,Tottenham,35,1986,25,25,2205,24.5,39,1.59,117,79,67.5,13,3,9,7,28.0,1,1,0,0,0.0,Matches
2022,20,Emiliano Martínez,ar ARG,GK,Aston Villa,29,1992,36,36,3139,34.9,38,1.09,132,97,74.2,17,7,12,11,30.6,5,4,1,0,20.0,Matches
2022,21,Alex McCarthy,eng ENG,GK,Southampton,32,1989,6,6,540,6.0,17,2.83,30,14,46.7,0,1,5,0,0.0,1,1,0,0,0.0,Matches
2022,22,Edouard Mendy,sn SEN,GK,Chelsea,30,1992,10,9,855,9.5,14,1.47,39,25,64.1,3,2,4,1,11.1,0,0,0,0,,Matches
2022,23,Illan Meslier,fr FRA,GK,Leeds United,22,2000,34,34,3060,34.0,67,1.97,158,92,59.5,7,9,18,5,14.7,3,3,0,0,0.0,Matches
2022,24,Keylor Navas,cr CRC,GK,Nott'ham Forest,35,1986,17,17,1529,17.0,32,1.88,83,51,66.3,4,4,9,1,5.9,4,4,0,0,0.0,Matches
2022,25,Neto,br BRA,GK,Bournemouth,33,1989,27,27,2385,26.5,39,1.47,138,100,74.6,9,6,12,6,22.2,5,4,0,1,0.0,Matches
2022,Rk,Player,Nation,Pos,Squad,Age,Born,MP,Starts,Min,90s,GA,GA90,SoTA,Saves,Save%,W,D,L,CS,CS%,PKatt,PKA,PKsv,PKm,Save%,Matches
2022,26,Robin Olsen,se SWE,GK,Aston Villa,32,1990,4,2,281,3.1,8,2.56,19,11,63.2,1,0,1,1,50.0,1,1,0,0,0.0,Matches
2022,27,Stefan Ortega,de GER,GK,Manchester City,29,1992,3,3,270,3.0,1,0.33,15,14,93.3,2,1,0,2,66.7,0,0,0,0,,Matches
2022,28,Jordan Pickford,eng ENG,GK,Everton,28,1994,37,37,3330,37.0,57,1.54,181,123,71.3,7,12,18,8,21.6,6,5,1,0,16.7,Matches
2022,29,Nick Pope,eng ENG,GK,Newcastle Utd,30,1992,37,37,3261,36.2,32,0.88,118,85,74.6,19,13,5,14,37.8,5,2,2,1,50.0,Matches
2022,30,Aaron Ramsdale,eng ENG,GK,Arsenal,24,1998,38,38,3420,38.0,43,1.13,136,94,70.6,26,6,6,14,36.8,5,3,0,2,0.0,Matches
2022,31,David Raya,es ESP,GK,Brentford,26,1995,38,38,3420,38.0,46,1.21,197,154,77.7,15,14,9,12,31.6,2,2,0,0,0.0,Matches
2022,32,Joel Robles,es ESP,GK,Leeds United,32,1990,4,4,360,4.0,11,2.75,27,16,66.7,0,1,3,0,0.0,3,2,0,1,0.0,Matches
2022,33,Marek Rodák,sk SVK,GK,Fulham,25,1996,2,2,180,2.0,2,1.00,4,2,50.0,0,2,0,1,50.0,0,0,0,0,,Matches
2022,34,José Sá,pt POR,GK,Wolves,29,1993,36,36,3240,36.0,55,1.53,161,105,67.1,11,7,18,11,30.6,4,2,2,0,50.0,Matches
2022,35,Robert Sánchez,es ESP,GK,Brighton,24,1997,23,23,2070,23.0,30,1.30,74,46,66.2,11,5,7,6,26.1,6,5,1,0,16.7,Matches
2022,36,Jason Steele,eng ENG,GK,Brighton,31,1990,15,15,1350,15.0,23,1.53,57,36,61.4,7,3,5,6,40.0,2,1,1,0,50.0,Matches
2022,37,Mark Travers,ie IRL,GK,Bournemouth,23,1999,12,11,1035,11.5,32,2.78,66,36,54.5,2,0,9,2,18.2,2,2,0,0,0.0,Matches
2022,38,Danny Ward,wls WAL,GK,Leicester City,29,1993,26,26,2340,26.0,46,1.77,119,75,63.0,7,3,16,6,23.1,3,2,1,0,33.3,Matches
2022,39,Joseph Whitworth,eng ENG,GK,Crystal Palace,18,2004,2,2,180,2.0,5,2.50,10,5,50.0,0,0,2,0,0.0,0,0,0,0,,Matches
2023,1,Alisson,br BRA,GK,Liverpool,30,1992,28,28,2520,28.0,30,1.07,109,80,73.4,16,8,4,8,28.6,1,1,0,0,0.0,Matches
2023,2,Alphonse Areola,fr FRA,GK,West Ham,30,1993,31,31,2699,30.0,53,1.77,188,136,74.5,11,9,11,4,12.9,7,5,2,0,28.6,Matches
2023,3,Daniel Bentley,eng ENG,GK,Wolves,30,1993,5,3,383,4.3,7,1.64,15,8,53.3,1,0,2,1,33.3,0,0,0,0,,Matches
2023,4,Martin Dúbravka,sk SVK,GK,Newcastle Utd,34,1989,23,22,1985,22.1,42,1.90,130,87,70.8,9,4,9,5,22.7,5,4,1,0,20.0,Matches
2023,5,Ederson,br BRA,GK,Manchester City,29,1993,33,33,2785,30.9,27,0.87,82,56,70.7,24,6,3,10,30.3,3,3,0,0,0.0,Matches
2023,6,Łukasz Fabiański,pl POL,GK,West Ham,38,1985,10,7,721,8.0,21,2.62,53,33,66.0,3,1,3,1,14.3,3,3,0,0,0.0,Matches
2023,7,Mark Flekken,nl NED,GK,Brentford,30,1993,37,37,3285,36.5,63,1.73,176,113,65.3,10,9,18,7,18.9,2,2,0,0,0.0,Matches
2023,8,Wes Foderingham,eng ENG,GK,Sheffield Utd,32,1991,30,29,2649,29.4,79,2.68,204,130,63.7,3,4,22,1,3.4,6,5,0,1,0.0,Matches
2023,9,Ivo Grbić,hr CRO,GK,Sheffield Utd,27,1996,9,9,771,8.6,25,2.92,59,36,57.6,0,3,6,0,0.0,1,0,0,1,,Matches
2023,10,Dean Henderson,eng ENG,GK,Crystal Palace,26,1997,18,18,1620,18.0,30,1.67,86,57,66.3,8,4,6,4,22.2,1,1,0,0,0.0,Matches
2023,11,Sam Johnstone,eng ENG,GK,Crystal Palace,30,1993,20,20,1796,20.0,27,1.35,67,41,62.7,5,6,9,6,30.0,2,2,0,0,0.0,Matches
2023,12,Thomas Kaminski,be BEL,GK,Luton Town,30,1992,38,38,3405,37.8,85,2.25,221,140,63.3,6,8,24,2,5.3,4,4,0,0,0.0,Matches
2023,13,Loris Karius,de GER,GK,Newcastle Utd,30,1993,1,1,90,1.0,4,4.00,7,4,42.9,0,0,1,0,0.0,0,0,0,0,,Matches
2023,14,Caoimhín Kelleher,ie IRL,GK,Liverpool,24,1998,10,10,900,10.0,11,1.10,38,28,71.1,8,2,0,2,20.0,0,0,0,0,,Matches
2023,15,Bernd Leno,de GER,GK,Fulham,31,1992,38,38,3420,38.0,61,1.61,190,133,72.1,13,8,17,10,26.3,8,8,0,0,0.0,Matches
2023,16,Emiliano Martínez,ar ARG,GK,Aston Villa,30,1992,34,34,3015,33.5,48,1.43,139,95,66.2,19,8,7,8,23.5,1,1,0,0,0.0,Matches
2023,17,Remi Matthews,eng ENG,GK,Crystal Palace,29,1994,1,0,4,0.0,1,22.50,1,0,0.0,0,0,0,0,,0,0,0,0,,Matches
2023,18,Arijanet Muric,xk KVX,GK,Burnley,24,1998,10,10,900,10.0,16,1.60,78,62,80.8,2,4,4,0,0.0,2,1,1,0,50.0,Matches
2023,19,Neto,br BRA,GK,Bournemouth,34,1989,32,32,2880,32.0,55,1.72,165,110,69.7,10,9,13,7,21.9,6,5,1,0,16.7,Matches
2023,20,Robin Olsen,se SWE,GK,Aston Villa,33,1990,5,4,405,4.5,13,2.89,34,20,61.8,1,0,3,0,0.0,1,0,1,0,100.0,Matches
2023,21,André Onana,cm CMR,GK,Manchester Utd,27,1996,38,38,3420,38.0,58,1.53,203,146,74.9,18,6,14,9,23.7,7,7,0,0,0.0,Matches
2023,22,Stefan Ortega,de GER,GK,Manchester City,30,1992,9,5,635,7.1,7,0.99,27,20,74.1,4,1,0,3,60.0,0,0,0,0,,Matches
2023,23,Đorđe Petrović,rs SRB,GK,Chelsea,23,1999,23,22,1987,22.1,38,1.72,108,73,65.7,13,5,4,5,22.7,2,1,0,1,0.0,Matches
2023,24,Jordan Pickford,eng ENG,GK,Everton,29,1994,38,38,3420,38.0,51,1.34,165,117,73.9,13,9,16,13,34.2,8,8,0,0,0.0,Matches
2023,25,Nick Pope,eng ENG,GK,Newcastle Utd,31,1992,15,15,1345,14.9,16,1.07,58,42,72.4,9,2,4,5,33.3,0,0,0,0,,Matches
2023,Rk,Player,Nation,Pos,Squad,Age,Born,MP,Starts,Min,90s,GA,GA90,SoTA,Saves,Save%,W,D,L,CS,CS%,PKatt,PKA,PKsv,PKm,Save%,Matches
2023,26,Ionuț Radu,ro ROU,GK,Bournemouth,26,1997,2,2,180,2.0,7,3.50,11,4,36.4,1,0,1,0,0.0,0,0,0,0,,Matches
2023,27,Aaron Ramsdale,eng ENG,GK,Arsenal,25,1998,6,6,540,6.0,5,0.83,14,9,64.3,5,1,0,2,33.3,0,0,0,0,,Matches
2023,28,David Raya,es ESP,GK,Arsenal,27,1995,32,32,2880,32.0,24,0.75,69,45,68.1,23,4,5,16,50.0,3,2,1,0,33.3,Matches
2023,29,José Sá,pt POR,GK,Wolves,30,1993,35,35,3037,33.7,58,1.72,188,131,73.4,12,7,16,4,11.4,8,8,0,0,0.0,Matches
2023,30,Robert Sánchez,es ESP,GK,Chelsea,25,1997,16,16,1433,15.9,25,1.57,78,52,70.5,5,4,7,3,18.8,3,2,1,0,33.3,Matches
2023,31,Matz Sels,be BEL,GK,Nott'ham Forest,31,1992,16,16,1440,16.0,27,1.69,61,36,57.4,4,4,8,1,6.3,1,1,0,0,0.0,Matches
2023,32,James Shea,eng ENG,GK,Luton Town,32,1991,1,0,15,0.2,0,0.00,2,2,100.0,0,0,0,0,,0,0,0,0,,Matches
2023,33,Jason Steele,eng ENG,GK,Brighton,32,1990,17,17,1530,17.0,34,2.00,74,42,58.1,5,4,8,2,11.8,3,3,0,0,0.0,Matches
2023,34,Thomas Strakosha,al ALB,GK,Brentford,28,1995,2,1,135,1.5,2,1.33,8,6,75.0,0,0,1,0,0.0,0,0,0,0,,Matches
2023,35,James Trafford,eng ENG,GK,Burnley,20,2002,28,28,2520,28.0,62,2.21,166,106,65.7,3,5,20,2,7.1,5,5,0,0,0.0,Matches
2023,36,Mark Travers,ie IRL,GK,Bournemouth,24,1999,4,4,360,4.0,5,1.25,18,13,77.8,2,0,2,2,50.0,1,1,0,0,0.0,Matches
2023,37,Matt Turner,us USA,GK,Nott'ham Forest,29,1994,17,17,1530,17.0,28,1.65,80,52,67.5,4,5,8,2,11.8,2,2,0,0,0.0,Matches
2023,38,Bart Verbruggen,nl NED,GK,Brighton,20,2002,21,21,1890,21.0,28,1.33,91,63,72.5,7,8,6,4,19.0,3,3,0,0,0.0,Matches
2023,39,Guglielmo Vicario,it ITA,GK,Tottenham,26,1996,38,38,3420,38.0,61,1.61,167,109,67.7,20,6,12,7,18.4,7,7,0,0,0.0,Matches
2023,40,Odysseas Vlachodimos,gr GRE,GK,Nott'ham Forest,29,1994,5,5,450,5.0,12,2.40,22,10,50.0,1,0,4,1,20.0,1,1,0,0,0.0,Matches
2024,1,Alisson,br BRA,GK,Liverpool,31,1992,28,28,2508,27.9,29,1.04,100,73,72.0,18,7,3,9,32.1,1,1,0,0,0.0,Matches
2024,2,Alphonse Areola,fr FRA,GK,West Ham,31,1993,26,25,2260,25.1,41,1.63,115,77,64.3,5,7,13,5,20.0,0,0,0,0,,Matches
2024,3,Kepa Arrizabalaga,es ESP,GK,Bournemouth,29,1994,31,31,2790,31.0,39,1.26,134,95,73.9,13,7,11,8,25.8,4,4,0,0,0.0,Matches
2024,4,Brandon Austin,eng ENG,GK,Tottenham,25,1999,1,1,90,1.0,2,2.00,4,2,50.0,0,0,1,0,0.0,0,0,0,0,,Matches
2024,5,Altay Bayındır,tr TUR,GK,Manchester Utd,26,1998,4,4,360,4.0,10,2.50,17,8,41.2,1,0,3,1,25.0,0,0,0,0,,Matches
2024,6,Daniel Bentley,eng ENG,GK,Wolves,31,1993,2,2,180,2.0,4,2.00,12,8,66.7,1,0,1,1,50.0,0,0,0,0,,Matches
2024,7,Martin Dúbravka,sk SVK,GK,Newcastle Utd,35,1989,10,10,900,10.0,12,1.20,41,29,70.7,7,0,3,5,50.0,0,0,0,0,,Matches
2024,8,Ederson,br BRA,GK,Manchester City,30,1993,26,26,2320,25.8,26,1.01,78,53,69.2,16,4,6,10,38.5,2,2,0,0,0.0,Matches
2024,9,Łukasz Fabiański,pl POL,GK,West Ham,39,1985,14,13,1160,12.9,21,1.63,71,50,74.6,6,3,4,2,15.4,3,3,0,0,0.0,Matches
2024,10,Mark Flekken,nl NED,GK,Brentford,31,1993,37,37,3275,36.4,55,1.51,203,150,73.4,16,8,13,7,18.9,1,1,0,0,0.0,Matches
2024,11,Fraser Forster,eng ENG,GK,Tottenham,36,1988,7,7,630,7.0,15,2.14,42,27,69.0,1,2,4,1,14.3,2,2,0,0,0.0,Matches
2024,12,Dean Henderson,eng ENG,GK,Crystal Palace,27,1997,38,38,3420,38.0,51,1.34,150,101,66.7,13,14,11,11,28.9,2,1,1,0,50.0,Matches
2024,13,Mads Hermansen,dk DEN,GK,Leicester City,24,2000,27,27,2385,26.5,58,2.19,155,99,64.5,3,6,18,1,3.7,4,3,1,0,25.0,Matches
2024,14,Vitezslav Jaros,cz CZE,GK,Liverpool,23,2001,1,0,12,0.1,0,0.00,1,1,100.0,0,0,0,1,,0,0,0,0,,Matches
2024,15,Sam Johnstone,eng ENG,GK,Wolves,31,1993,7,7,630,7.0,17,2.43,39,23,61.5,0,1,6,0,0.0,2,2,0,0,0.0,Matches
2024,16,Filip Jørgensen,dk DEN,GK,Chelsea,22,2002,6,6,540,6.0,9,1.50,28,19,71.4,3,0,3,1,16.7,1,1,0,0,0.0,Matches
2024,17,Caoimhín Kelleher,ie IRL,GK,Liverpool,25,1998,10,10,900,10.0,12,1.20,37,24,67.6,7,2,1,4,40.0,1,0,1,0,100.0,Matches
2024,18,Tom King,wls WAL,GK,Wolves,29,1995,1,0,1,0.0,0,0.00,0,0,,0,0,0,0,,0,0,0,0,,Matches
2024,19,Antonín Kinský,cz CZE,GK,Tottenham,21,2003,6,6,540,6.0,11,1.83,32,23,65.6,1,0,5,1,16.7,0,0,0,0,,Matches
2024,20,Bernd Leno,de GER,GK,Fulham,32,1992,38,38,3420,38.0,54,1.42,159,106,67.9,15,9,14,5,13.2,4,3,1,0,25.0,Matches
2024,21,Joe Lumley,eng ENG,GK,Southampton,29,1995,3,3,270,3.0,7,2.33,20,13,65.0,0,1,2,0,0.0,0,0,0,0,,Matches
2024,22,Emiliano Martínez,ar ARG,GK,Aston Villa,31,1992,37,37,3194,35.5,45,1.27,142,96,69.0,18,9,10,8,21.6,2,1,1,0,50.0,Matches
2024,23,Alex McCarthy,eng ENG,GK,Southampton,34,1989,5,5,450,5.0,13,2.60,37,24,70.3,0,0,5,0,0.0,2,2,0,0,0.0,Matches
2024,24,Arijanet Muric,xk KVX,GK,Ipswich Town,25,1998,18,18,1620,18.0,33,1.83,100,67,70.0,2,6,10,1,5.6,3,3,0,0,0.0,Matches
2024,25,Neto,br BRA,GK,Bournemouth,35,1989,2,2,180,2.0,2,1.00,13,11,84.6,0,2,0,0,0.0,0,0,0,0,,Matches
2024,Rk,Player,Nation,Pos,Squad,Age,Born,MP,Starts,Min,90s,GA,GA90,SoTA,Saves,Save%,W,D,L,CS,CS%,PKatt,PKA,PKsv,PKm,Save%,Matches
2024,26,Robin Olsen,se SWE,GK,Aston Villa,34,1990,4,1,226,2.5,6,2.39,14,8,64.3,1,0,0,1,100.0,1,1,0,0,0.0,Matches
2024,27,André Onana,cm CMR,GK,Manchester Utd,28,1996,34,34,3060,34.0,44,1.29,132,88,68.9,10,9,15,9,26.5,4,3,1,0,25.0,Matches
2024,28,Stefan Ortega,de GER,GK,Manchester City,31,1992,13,12,1100,12.2,18,1.47,50,33,68.0,5,4,3,3,25.0,2,2,0,0,0.0,Matches
2024,29,Alex Palmer,eng ENG,GK,Ipswich Town,27,1996,13,13,1170,13.0,30,2.31,71,43,59.2,1,3,9,0,0.0,1,1,0,0,0.0,Matches
2024,30,Jordan Pickford,eng ENG,GK,Everton,30,1994,38,38,3420,38.0,44,1.16,163,117,73.0,11,15,12,12,31.6,2,0,2,0,100.0,Matches
2024,31,Nick Pope,eng ENG,GK,Newcastle Utd,32,1992,28,28,2520,28.0,35,1.25,120,86,71.7,13,6,9,8,28.6,2,1,1,0,50.0,Matches
2024,32,Aaron Ramsdale,eng ENG,GK,Southampton,26,1998,30,30,2700,30.0,66,2.20,188,120,67.6,2,5,23,3,10.0,7,5,2,0,28.6,Matches
2024,33,David Raya,es ESP,GK,Arsenal,28,1995,38,38,3420,38.0,34,0.89,120,86,74.2,20,14,4,13,34.2,3,3,0,0,0.0,Matches
2024,34,José Sá,pt POR,GK,Wolves,31,1993,29,29,2609,29.0,48,1.66,117,69,63.2,11,5,13,7,24.1,7,5,2,0,28.6,Matches
2024,35,Robert Sánchez,es ESP,GK,Chelsea,26,1997,32,32,2880,32.0,34,1.06,127,92,76.4,17,9,6,10,31.3,5,4,1,0,20.0,Matches
2024,36,Matz Sels,be BEL,GK,Nott'ham Forest,32,1992,38,38,3420,38.0,46,1.21,165,119,73.9,19,8,11,13,34.2,3,3,0,0,0.0,Matches
2024,37,Jason Steele,eng ENG,GK,Brighton,33,1990,2,2,180,2.0,1,0.50,4,3,75.0,2,0,0,1,50.0,0,0,0,0,,Matches
2024,38,Jakub Stolarczyk,pl POL,GK,Leicester City,23,2000,10,10,900,10.0,16,1.60,44,28,63.6,3,1,6,2,20.0,0,0,0,0,,Matches
2024,39,Mark Travers,ie IRL,GK,Bournemouth,25,1999,5,5,450,5.0,5,1.00,25,20,80.0,2,2,1,1,20.0,0,0,0,0,,Matches
2024,40,Hákon Valdimarsson,is ISL,GK,Brentford,22,2001,2,1,145,1.6,2,1.24,4,3,50.0,0,0,1,1,100.0,0,0,0,0,,Matches
2024,41,Bart Verbruggen,nl NED,GK,Brighton,21,2002,36,36,3240,36.0,58,1.61,143,87,65.7,14,13,9,7,19.4,9,9,0,0,0.0,Matches
2024,42,Guglielmo Vicario,it ITA,GK,Tottenham,27,1996,24,24,2160,24.0,37,1.54,102,67,64.7,9,3,12,4,16.7,1,1,0,0,0.0,Matches
2024,43,Christian Walton,eng ENG,GK,Ipswich Town,28,1995,7,7,630,7.0,19,2.71,39,20,56.4,1,1,5,1,14.3,2,2,0,0,0.0,Matches
2024,44,Danny Ward,wls WAL,GK,Leicester City,31,1993,2,1,135,1.5,6,4.00,10,4,40.0,0,0,1,0,0.0,0,0,0,0,,Matches
